{"cameraMode":{"drawMode":0,"name":"Shaded","section":"Shading Mode"},"sceneLighting":true,"audioPlay":false,"sceneViewState":{"showFog":true,"showMaterialUpdate":false,"showSkybox":true,"showFlares":true,"showImageEffects":true,"showParticleSystems":true},"in2DMode":false,"pivot":{"x":-1276.5455322265625,"y":225.146240234375,"z":1048.867431640625},"rotation":{"x":-0.013471267186105252,"y":0.597991406917572,"z":-0.010052868165075779,"w":-0.8013275265693665},"size":8070.9755859375,"orthographic":false}